gene,statistic_ir,pvalue_ir,statistic_gc,pvalue_gc,statistic_ic,pvalue_ic,n_spots_expressed,n_isoforms,padj_ir,padj_gc,padj_ic,sample,n_spots,padj_ir_global,padj_gc_global,padj_ic_global
NCAM1,0.0002726743029518044,2.0768621581481827e-54,0.0008837627164014291,5.132304993915569e-15,0.4208031364831262,3.3169844610653256e-56,1170,5,2.4922345897778193e-53,6.843073325220759e-15,1.9901906766391955e-55,MGH258,2212,4.222953054901305e-53,7.826765115721242e-15,1.734309018214156e-55
C3,3.118427597938413e-05,8.854882945050266e-11,0.0024634084850126367,7.3913060987221596e-96,0.7202716471373034,8.18851529012305e-186,2178,2,5.312929767030159e-10,4.434783659233296e-95,9.826218348147662e-185,MGH258,2212,3.5227034324873886e-10,3.8645971887604434e-95,2.497497163487531e-184
HMGB1,0.00016668944639169667,3.5487700621967175e-07,0.002694520339804457,1.917416297029672e-24,0.35231864175491423,3.7166927337266677e-32,1830,5,1.4195080248786872e-06,3.834832594059344e-24,1.486677093490667e-31,MGH258,2212,1.119698140313792e-06,3.474130518380495e-24,1.2595458708740374e-31
ITM2B,4.673715791502189e-05,0.0004896249399945251,0.0015498191406402902,9.361909158230384e-23,0.06738120366341244,4.61612664481184e-05,2169,2,0.0014688748199835752,1.6048987128394943e-22,6.92418996721776e-05,MGH258,2212,0.00110618967924689,1.6162541282605286e-22,6.758009408004534e-05
MIF,2.7095629420768388e-05,0.0016447998485741018,0.0022425226757970857,4.138868259596958e-15,0.03792254314330329,4.002081379757427e-05,2060,2,0.003947519636577844,6.208302389395437e-15,6.860710936727018e-05,MGH258,2212,0.0034204360487393253,6.41875331784952e-15,5.954316199151294e-05
SERPINE1,1.6552234179740507e-05,0.04024676661499992,5.942802038297097e-05,0.00010572524162529812,0.12175826500526599,0.05755125945243566,153,2,0.08049353322999984,0.00011533662722759795,0.0690615113429228,MGH258,2212,0.06757025954628428,0.0001272876264304576,0.06623824201129387
APP,3.576051846279173e-05,0.05417815174330315,0.006642994906567518,7.57888006946967e-98,0.02935686773433129,4.236163637103584e-08,1742,2,0.09287683155994826,9.094656083363605e-97,1.0166792729048603e-07,MGH258,2212,0.08408480233122882,4.2028334930695443e-97,7.45401870759573e-08
SPARC,3.718746538923525e-05,0.4553791117706877,0.0021101000561739446,2.6577258424916673e-37,0.05300990136383856,1.977645697495225e-07,2087,2,0.6028414616553788,7.973177527475002e-37,3.955291394990451e-07,MGH258,2212,0.5446691336865088,6.004491718221914e-37,3.320267547170882e-07
COL1A2,3.114162741882369e-05,0.4937276501614031,0.00021274623803250352,3.89520192782971e-06,0.06633664693543599,0.7331329319162825,363,2,0.6028414616553788,4.674242313395651e-06,0.7997813802723083,MGH258,2212,0.5791805126893382,4.916013467536806e-06,0.7453518141148872
VCAN,9.551272938155571e-05,0.5023678847128157,0.0029921992753006153,9.789535673698854e-68,0.21358118648774393,1.0850241653117854e-26,1300,3,0.6028414616553788,3.915814269479542e-67,3.255072495935356e-26,MGH258,2212,0.5855625662576132,3.03641530218117e-67,3.1024909726883866e-26
DKK3,3.560442027203805e-05,0.7139545783316446,0.00048293319839262856,0.0003325930044254845,0.06552287475635328,0.00028719508141873456,1224,2,0.7788595399981577,0.0003325930044254845,0.00038292677522497944,MGH258,2212,0.7596144641551799,0.0003876721006997686,0.00039815681742142746
COL3A1,2.74474708067543e-05,0.9957554992654802,0.0004826808188654698,3.458166595200582e-28,0.05858522452535164,0.9234940142054701,385,2,0.9957554992654802,8.299599828481396e-28,0.9234940142054701,MGH258,2212,0.9957554992654802,6.804779429265661e-28,0.9234940142054701
SPP1,0.00019698044199164668,5.516709453664348e-43,0.027740120773032517,5.054290851016957e-152,0.529786213913568,1.620124644219202e-58,1390,2,7.171722289763652e-42,6.570578106322044e-151,2.1061620374849625e-57,ZH1007inf,1400,1.0095578300205758e-41,6.166234838240687e-151,9.882760329737132e-58
SPARC,7.823790994036007e-05,1.975451189706514e-09,0.008857105200498368,2.05081417462209e-75,0.47129573426120436,2.4603688609165428e-57,1377,2,1.284043273309234e-08,8.88686142336239e-75,1.5992397595957528e-56,ZH1007inf,1400,7.230151354325841e-09,7.50597987911685e-75,1.407023442336648e-56
APP,9.81124833502571e-05,1.2194497005209678e-07,0.003210754172068687,1.1894218257589034e-14,0.28144328295062637,1.0585816823063981e-11,1178,3,5.28428203559086e-07,1.932810466858218e-14,3.4403904674957935e-11,ZH1007inf,1400,3.984987414202448e-07,1.7988776373047876e-14,2.105657041979031e-11
SERPINE2,6.456657880985304e-05,0.0001132231616343127,0.000549330209555653,1.357640894001545e-06,0.14388861506814224,0.00010333356600565457,615,2,0.0003679752753115163,1.9610368468911206e-06,0.00022388939301225158,ZH1007inf,1400,0.00027262945498788453,1.7746305971591624e-06,0.00014889797306326605
C3,3.649813529075162e-05,0.00041294057278668217,0.00222813869571205,6.826141292101948e-31,0.44453139048155715,3.6554981652372536e-42,1361,2,0.0010736454892453736,1.478997279955422e-30,1.584049204936143e-41,ZH1007inf,1400,0.0009446015602495354,1.3727295125875347e-30,1.365216661711056e-41
HMGB1,0.00018649168193569932,0.0007376313082969591,0.001956979550365994,0.0015535315970356901,0.27480657484813276,0.0006403660511705878,1286,4,0.0015982011679767448,0.0016829925634553311,0.0011892512378882344,ZH1007inf,1400,0.0016069824930755182,0.0016922397753424481,0.0008616690247368939
VCAN,0.0002575603682923676,0.0009625760706748011,0.0008571310122581402,0.0013989327664739818,0.5014092412140312,0.0009950092889506152,766,8,0.0017876412741103449,0.0016532841785601602,0.0016168900945447498,ZH1007inf,1400,0.0020247289762469955,0.0015421969654502328,0.001319468839695381
NCAM1,0.00017044576337847352,0.017254778050064673,0.00035302302522148863,0.5678533317224745,0.35748028432196305,0.09547697941586701,574,6,0.028039014331355094,0.5678533317224745,0.10343339436718925,ZH1007inf,1400,0.03189519578951349,0.5709734049736969,0.1071919462153599
ITM2B,5.611302686941649e-05,0.12597251161165263,0.005535071798668057,6.2360972853543025e-49,0.12231675391002518,1.6575633943710982e-05,1368,2,0.17449596184830427,2.0267316177401483e-48,4.309664825364855e-05,ZH1007inf,1400,0.18442375699945945,1.6302940045997677e-48,2.5925991552983844e-05
COL3A1,0.00012904881046668572,0.13422766296023406,0.0042733822425109706,9.228636886235839e-33,0.05577504942922114,0.0017206585117382988,845,2,0.17449596184830427,2.399445590421318e-32,0.002485395628066432,ZH1007inf,1400,0.19190361188845964,1.9191369888422257e-32,0.002233195089702898
SERPINE1,9.078567262133598e-05,0.344464049023996,0.0033159288525057224,3.640910190479e-76,0.07180397399641643,0.0853279718330316,541,2,0.407093876119268,2.36659162381135e-75,0.10084214852994644,ZH1007inf,1400,0.4317597326807622,1.359768499709504e-75,0.09638900521879495
TIMP2,0.00013687555130851718,0.4906540989607685,0.0006619773585402494,0.0007388467364696413,0.08721386418449131,0.0419744547557685,877,2,0.5315419405408325,0.0009605007574105337,0.054566791182499054,ZH1007inf,1400,0.5791805126893382,0.0008244448339874655,0.04923926423272843
COL1A2,9.891060649393102e-05,0.7732816436714302,0.0035699968389446305,2.5462296405575542e-27,0.03869277380301047,0.8210638007258123,765,2,0.7732816436714302,4.728712189606886e-27,0.8210638007258123,ZH1007inf,1400,0.7994945807450379,4.90484236023192e-27,0.8301363289106279
SPP1,5.913046190905473e-05,3.0964371587405525e-21,0.016462414893815443,2.3615243756633575e-70,0.06518427727844282,7.887021794013647e-05,951,2,4.3350120222367735e-20,3.3061341259287007e-69,0.0001003802773783555,ZH1007nec,952,2.4636869567370484e-20,7.857435649934444e-70,0.00011454960224638868
HMGB1,0.00021932350363060928,1.1557146028562798e-19,0.0069443571549303185,1.2505545054261087e-22,0.5793646325692243,4.892990244502672e-18,940,4,8.090002219993958e-19,1.9453070084406136e-22,3.4250931711518704e-17,ZH1007nec,952,8.459830892907967e-19,2.1387988270371765e-22,1.178180545715775e-17
C3,0.00016616190401564558,1.505455680679463e-08,0.002636426882457032,6.696530961531959e-28,0.2637050080253261,1.1705722954256327e-12,912,2,7.025459843170828e-08,1.5625238910241238e-27,4.097003033989714e-12,ZH1007nec,952,5.101822028969291e-08,1.303686346766328e-27,2.406907079358323e-12
SERPINE2,0.0001364454809016001,6.393915995529139e-07,0.002948009389423143,5.3269684552072905e-51,0.32004095138539596,1.7332068271069164e-17,574,2,2.2378705984351984e-06,2.485918612430069e-50,8.088298526498943e-17,ZH1007nec,952,1.9831976731895463e-06,1.433581216621962e-50,4.1191798618255286e-17
APP,9.039016639124546e-05,3.568909084476268e-05,0.001969088467280885,4.4362065837166113e-13,0.5649896761772419,2.481526727776053e-10,933,3,9.992945436533549e-05,6.210689217203256e-13,5.790229031477457e-10,ZH1007nec,952,9.070977256377181e-05,6.654309875574918e-13,4.6338713386022214e-10
VCAN,0.00038034707967530103,0.0008395420735685526,0.000572154624642002,3.968318474421797e-05,0.7948702406401094,8.92327641633618e-08,547,7,0.0019589315049932895,4.273573741685012e-05,1.784655283267236e-07,ZH1007nec,952,0.0017864674356168038,4.841348538794592e-05,1.5405279096127555e-07
IGFBP5,5.974537341429113e-05,0.01050089006556073,0.008791523956887958,7.593072712160346e-70,1.6933632509427277,2.6173030803148006e-64,816,4,0.021001780131121455,5.315150898512242e-69,3.6642243124407206e-63,ZH1007nec,952,0.02001732168747514,2.4377759760093745e-69,1.8421787065292634e-63
TIMP2,0.0002668992841743627,0.03026111587317583,0.0002529502585147429,0.1642210494698469,0.1337116650588451,0.26289409273102543,554,2,0.0529569527780577,0.1642210494698469,0.2831167152487966,ZH1007nec,952,0.053247925046069004,0.166958066961011,0.2764920630446992
ITM2B,2.6180650486409227e-05,0.04530971660677572,0.0023290169323462763,1.3582375238188725e-25,0.09073059355711421,1.9857750696818716e-05,947,2,0.07048178138831779,2.716475047637745e-25,3.088983441727356e-05,ZH1007nec,952,0.07403284052714247,2.589140279779726e-25,3.0796342182354454e-05
SPARC,4.5170537994193746e-05,0.05057794089255105,0.004526726688686667,8.258628417848491e-33,0.2306998610333627,4.149118209093581e-12,943,2,0.07080911724957147,2.890519946246972e-32,1.1617530985462027e-11,ZH1007nec,952,0.08048489724640732,1.7371597706508895e-32,8.43654035849028e-12
SERPINE1,0.00022812725351967122,0.08565380030852816,0.0016529254311285155,5.916590868163417e-11,0.08249913805601451,0.37519476757253806,805,2,0.10901392766539947,7.530206559480712e-11,0.37519476757253806,ZH1007nec,952,0.12848070046279225,8.393303324603916e-11,0.39234652837585404
COL3A1,0.00016125912325085968,0.12841115469438844,0.003737478150762905,2.604657519093516e-32,0.057340880788649344,0.21943738544691407,437,2,0.14981301381011983,7.293041053461844e-32,0.2560102830213998,ZH1007nec,952,0.18650191515137368,5.355644112293409e-32,0.23212162738026174
NCAM1,0.00022741475708331068,0.3646551941163873,0.0004893961831494322,1.1774877941527462e-05,0.43504707585111074,4.055076633232009e-05,654,4,0.3927055936638017,1.3737357598448705e-05,5.6771072865248126e-05,ZH1007nec,952,0.45089121975201946,1.4559477454726523e-05,5.984508257108529e-05
COL1A2,0.00014242101073425634,0.7621201331920782,0.0029491741403081906,8.511585053248404e-23,0.22154951958208452,2.3816550513262857e-06,394,3,0.7621201331920782,1.4895273843184706e-22,4.167896339821e-06,ZH1007nec,952,0.7924317293985812,1.4834476807090076e-22,3.823183108707985e-06
VCAN,0.0005134591286340857,1.0745084507184765e-18,0.005514482099305376,2.0612313574175957e-34,1.1845154942492728,4.4823897611043125e-29,1028,7,1.2894101408621718e-17,2.473477628901115e-33,5.3788677133251755e-28,ZH1019T1,1109,7.562886403133893e-18,4.3861085861327905e-34,1.3903005530204901e-28
SERPINE2,0.0001332516290627017,1.4947085280096893e-08,0.0008972048282674764,1.8637427159757616e-11,0.20140133142197564,1.2950924330418508e-10,1014,2,8.968251168058136e-08,5.591228147927285e-11,5.180369732167403e-10,ZH1019T1,1109,5.101822028969291e-08,2.6855505277446014e-11,2.4433187138830797e-10
SPARC,5.410328148036481e-05,2.5210040971551165e-05,0.0016794275514644013,1.7728651389989257e-12,0.18689523332960808,1.2403766009191945e-09,1104,2,0.00010084016388620466,7.091460555995703e-12,3.7211298027575835e-09,ZH1019T1,1109,6.784466908520386e-05,2.6376774019252312e-12,2.2928173532142687e-09
NCAM1,0.0002726436566957809,6.775213376067024e-05,0.0004333106276007561,0.030389416840105037,0.4034773493175055,0.006711402808727921,760,5,0.0002032564012820107,0.0331520910982964,0.008948537078303894,ZH1019T1,1109,0.0001675491956513872,0.03196128322838633,0.008412237767104175
HMGB1,0.0002751872054103216,0.008302418176576575,0.0015313785187279143,5.861823843801677e-06,0.6490817773571426,5.934187805533925e-13,1013,5,0.01992580362378378,1.1723647687603353e-05,3.560512683320355e-12,ZH1019T1,1109,0.01633701641197326,7.3473545439431976e-06,1.234041327741714e-12
SPP1,6.027807475763401e-05,0.031302350853767015,0.0026059864259044465,4.8643513561698705e-15,0.11960224912183984,2.4342305395746647e-05,1050,2,0.06260470170753403,2.9186108137019226e-14,5.842153294979195e-05,ZH1019T1,1109,0.05404085100225815,7.480473093941902e-15,3.681522221009617e-05
ITM2B,4.147721410652755e-05,0.051173346538082726,0.001022978411183761,1.3798080514019971e-09,0.13232167733159209,0.0005181782811018216,1109,2,0.08772573692242754,3.311539323364793e-09,0.0010363565622036432,ZH1019T1,1109,0.08073036565921671,1.8843647269146677e-09,0.0007024194477158026
C3,8.778178787670715e-05,0.5188195583135092,0.0006890129824747979,0.0008985873556593325,0.08999985187949537,0.42444884891903295,1031,2,0.5958137665764998,0.0010783048267911989,0.4630351079116723,ZH1019T1,1109,0.5965324228698102,0.000996615067185805,0.4388369454925595
COL1A2,0.0001289560526249862,0.5188666442487425,0.0006613609146358262,8.230932795481003e-06,0.19288392818407127,0.000903297795105047,382,3,0.5958137665764998,1.4110170506538862e-05,0.0015485105058943662,ZH1019T1,1109,0.5965324228698102,1.024667143927227e-05,0.001206594864994333
SERPINE1,6.643378492122428e-05,0.5347858310458664,0.0001606627950549077,0.00023287075385154858,0.17124746031942462,0.07602787958606345,216,2,0.5958137665764998,0.00034930613077732286,0.09123345550327615,ZH1019T1,1109,0.6041099202555158,0.00027317530740277816,0.08641678238664356
DKK3,5.3533179044153754e-05,0.5461626193617914,0.00030139902826166936,0.03472227168858332,0.1308960961763638,0.006621227609668204,668,2,0.5958137665764998,0.03472227168858332,0.008948537078303894,ZH1019T1,1109,0.6094375569707795,0.03610327113074288,0.008356445879788147
COL3A1,7.555374161496608e-05,0.7182630846692375,0.0003355600068587761,0.0007306325957990102,0.06834087209337457,0.9173496535363939,288,2,0.7182630846692375,0.0009741767943986803,0.9173496535363939,ZH1019T1,1109,0.7597811820489622,0.0008202807670626924,0.9223900362481323
SPARC,0.00011609066467375402,3.123465551218634e-22,0.007939051206566789,2.7085792987277845e-83,0.4630537402844848,5.516848661182498e-71,1447,2,3.748158661462361e-21,3.2502951584733415e-82,6.620218393418998e-70,ZH1019inf,1481,2.5981554357864097e-21,1.1265227537890557e-82,4.807539547601891e-70
VCAN,0.00032817689560697683,3.0588504961733697e-13,0.004897677746908387,3.900479557525361e-22,0.9195433284997818,2.4989463431389754e-25,1048,10,1.835310297704022e-12,9.361150938060868e-22,7.496839029416926e-25,ZH1019inf,1481,1.5993418308563618e-12,6.609145916917973e-22,6.825480310364664e-25
NCAM1,0.0003060173734299573,1.7337800193291082e-11,0.0007068043031266121,0.032723434859031876,0.40047877716649,4.530675481080703e-08,863,5,6.935120077316433e-11,0.032723434859031876,6.040900641440938e-08,ZH1019inf,1481,7.210948716755155e-11,0.03421936330973048,7.896320124169227e-08
SPP1,6.575359358755722e-05,1.80470363751124e-09,0.006131207029303007,3.324146637881411e-41,0.20069850529404462,8.713002287949558e-21,1478,2,5.4141109125337205e-09,1.3296586551525645e-40,2.091120549107894e-20,ZH1019inf,1481,6.740015625807284e-09,7.900244606912963e-41,2.2145547481871795e-20
ITM2B,8.141589428532859e-05,2.367235769362027e-06,0.002966976457356253,5.23646054677484e-24,0.13669078310417954,5.324687653760406e-13,1439,2,5.681365846468864e-06,1.5709381640324522e-23,9.128035977874982e-13,ZH1019inf,1481,7.220069096554182e-06,9.394826275096038e-24,1.1200205064806372e-12
HMGB1,0.00023654280301118179,1.5564598054609872e-05,0.002824536039795393,8.195118105909492e-12,0.45019339784742346,2.7770963538595214e-14,1188,5,3.1129196109219744e-05,1.2292677158864238e-11,5.554192707719043e-14,ZH1019inf,1481,4.3156385515054645e-05,1.1997652907051496e-11,6.122995575377017e-14
C3,4.874032194539184e-05,0.009455595278576095,0.0015489020379739489,5.5453985027537924e-17,0.1829272122344841,7.3039418793982115e-28,1358,2,0.016209591906130447,9.506397433292216e-17,2.9215767517592846e-27,ZH1019inf,1481,0.01840823336148325,9.060785053606642e-17,2.2277022732164544e-27
TIMP2,0.00011894875727810996,0.03169816505000326,0.0019903025424447907,6.150431300871287e-22,0.09119436225661291,1.0825318588899409e-10,1130,2,0.04754724757500489,1.2300862601742574e-21,1.6237977883349112e-10,ZH1019inf,1481,0.0542127495715009,1.032595346843528e-21,2.06357635600895e-10
SERPINE2,4.327868644202016e-05,0.16499634187409862,0.0036690321666535334,8.93721707553731e-70,0.23648262623582694,1.5001415568701814e-33,935,2,0.21999512249879816,5.362330245322385e-69,9.000849341221089e-33,ZH1019inf,1481,0.2287449285072731,2.819846077281599e-69,5.1797340548536456e-33
COL3A1,5.279445861215297e-05,0.39489431080078324,0.0006627462257831432,5.547724126021591e-10,0.05263496351186414,0.4208204917581484,341,2,0.4738731729609399,7.39696550136212e-10,0.4208204917581484,ZH1019inf,1481,0.4817710591769555,7.633334699713918e-10,0.4375576704076202
COL1A2,9.333762537087934e-05,0.522182150787343,0.0010323042183323435,1.246035112450264e-06,0.1165941381217182,0.177102877383007,491,3,0.5696532554043742,1.3593110317639243e-06,0.19320313896328037,ZH1019inf,1481,0.5965324228698102,1.6404634933697718e-06,0.1917741216632561
DKK3,4.32326073678679e-05,0.888182822939568,0.0008319847944187837,1.4378235033028927e-09,0.12501334390207738,9.746017858594805e-07,783,2,0.888182822939568,1.7253882039634713e-09,1.1695221430313766e-06,ZH1019inf,1481,0.8993758672785124,1.949049637810588e-09,1.5924297036811156e-06
SPP1,5.375336577162555e-05,1.944570661614797e-79,0.01593101285952681,3.487102063056476e-255,0.09607053290411183,2.1323378642233394e-47,2381,2,2.9168559924221957e-78,2.615326547292357e-254,4.569295423335727e-47,ZH8811Abulk,2383,1.1861881035850263e-77,7.090440861548168e-254,9.07483323611328e-47
HMGB1,0.00013683337707298308,3.884575674700966e-62,0.00644214233544199,1.4971946466545415e-71,0.5349830979502711,7.558483194793885e-104,2278,5,2.9134317560257245e-61,2.245791969981812e-71,5.668862396095414e-103,ZH8811Abulk,2383,1.1847955807837947e-60,5.0738263025515014e-71,1.383202424647281e-102
SERPINE2,0.00023831998118512774,4.521275771818597e-55,0.0008236958484513075,1.0141279057864569e-16,0.11391776686705633,1.009236611614354e-59,2056,2,2.2606378859092988e-54,1.0865656133426324e-16,2.5230915290358847e-59,ZH8811Abulk,2383,1.0342418328035041e-53,1.627942164551944e-16,6.368631031911268e-59
SERPINE1,0.00023032291581115007,2.111028173056472e-28,0.014401780991755018,2.9781560083319902e-261,0.06867713349958064,4.53372965826259e-26,1772,2,7.91635564896177e-28,4.467234012497985e-260,6.800594487393885e-26,ZH8811Abulk,2383,2.2724597392313787e-27,7.785750707496488e-260,1.2764192730185446e-25
C3,6.652070078492185e-05,2.3657425180591587e-22,0.0025562031090601736,3.1068598733179863e-89,0.24622331681862183,7.09037930853302e-100,2234,2,7.097227554177476e-22,5.825362262471224e-89,3.54518965426651e-99,ZH8811Abulk,2383,2.0615756228801238e-21,1.4961983074136617e-88,1.0812828445512855e-98
SPARC,3.8096160299051684e-05,3.4804546872614424e-16,0.0018816635170542345,6.325160292026808e-47,0.20306559868262727,1.5906265551969276e-68,2353,2,8.701136718153606e-16,7.298261875415548e-47,4.7718796655907825e-68,ZH8811Abulk,2383,2.196286923340841e-15,1.6076449075568138e-46,1.2655854765262511e-67
NCAM1,0.0001045498207947008,8.03574417227233e-13,0.002499030918723659,6.454598288769687e-89,0.05499177501587721,5.376590471374418e-21,1891,2,1.721945179772642e-12,1.0757663814616146e-88,7.331714279146934e-21,ZH8811Abulk,2383,3.869845219804832e-12,3.028696120115007e-88,1.3857972623401668e-20
IGFBP5,5.5688056344858466e-05,1.3277057790273611e-11,0.004152187878814479,3.2991327058878444e-130,0.6587280237923263,1.1798786656147305e-207,1917,3,2.489448335676302e-11,9.897398117663533e-130,1.7698179984220958e-206,ZH8811Abulk,2383,5.6504687805117925e-11,2.8749585008451214e-129,5.397944895187393e-206
ITM2B,4.3864464106492724e-05,4.768754966940801e-11,0.0057067884888753586,3.266944076116896e-156,0.13443921027434272,4.1538219087616915e-29,2335,2,7.947924944901335e-11,1.6334720380584477e-155,7.788416078928172e-29,ZH8811Abulk,2383,1.9392936865559256e-10,4.270362613781371e-155,1.3106024298334304e-28
AGT,3.561389403491466e-05,1.8282831637269068e-10,0.004955854531191973,2.0554457594795212e-114,0.17149905130933119,5.732221342996047e-96,2190,2,2.74242474559036e-10,5.1386143986988026e-114,2.1495830036235176e-95,ZH8811Abulk,2383,7.118634446000509e-10,1.5045862959390095e-113,7.492832184059118e-95
DKK3,3.469379802874655e-05,3.1032357334859704e-05,0.0009171881406377274,1.439764706986754e-48,0.11205497445960165,1.7924816956004232e-27,1629,2,4.2316850911172326e-05,1.7997058837334424e-48,2.987469492667372e-27,ZH8811Abulk,2383,8.111110518157805e-05,3.710942836317971e-48,5.37744508680127e-27
TIMP2,0.00011640252820521701,0.0001380115331984384,0.00039634089057095673,5.833014326737829e-11,0.05834605428011444,2.1366837039591605e-05,1428,2,0.000172514416498048,5.833014326737829e-11,2.289303968527672e-05,ZH8811Abulk,2383,0.00032379628942710544,8.33938767025799e-11,3.2858245195338354e-05
COL1A2,0.00010249729698459815,0.017436578353202975,0.0057210016011898885,6.485444819563933e-61,0.06900623276569419,1.6055210380868178e-09,1482,3,0.020119128869080353,8.843788390314454e-61,1.8525242747155591e-09,ZH8811Abulk,2383,0.03190893838636145,1.8544318780940622e-60,2.9381034996988768e-09
VCAN,8.584146536616823e-05,0.054218615710847004,0.005850022804697486,7.417301145365017e-140,0.0846552710509882,1.2251541164580799e-11,1899,3,0.05809137397590751,2.7814879295118815e-139,1.5314426455725997e-11,ZH8811Abulk,2383,0.08408480233122882,7.540922831121101e-139,2.410787132385254e-11
COL3A1,6.788621873152787e-05,0.3245635510783642,0.005805875844332474,5.072975382443802e-91,0.02602833187140118,0.021092759559632294,1492,2,0.3245635510783642,1.0870661533808146e-90,0.021092759559632294,ZH8811Abulk,2383,0.41827556230521584,2.5090662026681503e-90,0.02556274834048152
SPP1,3.9427808162779055e-05,2.02358774201734e-62,0.011852739537025673,5.4452305867692675e-233,0.09179259840295173,1.6998910523466873e-47,2528,2,3.0353816130260096e-61,4.0839229400769505e-232,3.642623683600044e-47,ZH8811Bbulk,2528,7.406331135783464e-61,9.96477197378776e-232,7.406668156653423e-47
HMGB1,9.444718220968869e-05,2.1247061412355484e-59,0.006767113285535976,1.968104378833923e-77,0.4177275312690637,7.51688935834379e-98,2370,5,1.5935296059266612e-58,3.6901957103136055e-77,3.758444679171895e-97,ZH8811Bbulk,2528,5.554588912087219e-58,7.503397944304332e-77,1.058146732751472e-96
SERPINE1,0.0002826434596043534,5.2622046204614345e-42,0.014553058339458415,9.313656886578315e-295,0.09144030929157886,1.1961688508343462e-42,2005,2,2.631102310230717e-41,1.3970485329867474e-293,1.7942532762515194e-42,ZH8811Bbulk,2528,8.024862046203688e-41,2.840665350406386e-293,4.560393743805945e-42
C3,8.279642903145932e-05,3.21541208821464e-41,0.0032420519854490354,5.084098159006036e-122,0.25004148774235285,2.7607724489896256e-132,2309,2,1.20577953308049e-40,1.271024539751509e-121,2.0705793367422193e-131,ZH8811Bbulk,2528,4.526310862640609e-40,4.045173752600455e-121,6.315266977063769e-131
SERPINE2,0.00016167195730394069,8.938532095997623e-40,0.0008971651186228445,8.388857106938382e-23,0.08168885833312843,6.3458795522892075e-47,2193,2,2.6815596287992867e-39,8.988061186005409e-23,1.1898524160542265e-46,ZH8811Bbulk,2528,1.1683938382625465e-38,1.4761162024708883e-22,2.639308995611193e-46
NCAM1,0.00012972567541177457,7.203332763342892e-18,0.0018675884434457065,4.133695976308447e-65,0.20950463915578899,1.7584085384787804e-48,2061,3,1.800833190835723e-17,6.889493293847412e-65,4.3960213461969515e-48,ZH8811Bbulk,2528,4.882258872932404e-17,1.2607772727740762e-64,7.848506403454069e-48
SPARC,3.533338853623665e-05,3.225245775529822e-14,0.001435673643397441,1.67929367591366e-44,0.2292800914602101,1.7677697243857697e-85,2501,2,6.911240947563904e-14,2.099117094892075e-44,6.629136466446636e-85,ZH8811Bbulk,2528,1.844437427881117e-13,4.097476569229331e-44,1.9029521150740933e-84
IGFBP5,3.9308894598096255e-05,8.448269544703842e-12,0.003341222911090632,1.78999202907249e-130,0.4581372273030961,1.6326759219572238e-212,2067,2,1.5840505396319704e-11,5.36997608721747e-130,2.4490138829358355e-211,ZH8811Bbulk,2528,3.770812991904398e-11,1.6378427066013284e-129,9.959323123939064e-211
AGT,3.3417630213093214e-05,3.604121942595862e-10,0.004776123315332875,1.1358514647578704e-113,0.11728979188359862,2.5678312730465896e-70,2310,2,6.006869904326436e-10,2.4339674244811508e-113,7.703493819139769e-70,ZH8811Bbulk,2528,1.3740714906146723e-09,7.698548816692233e-113,2.1359687407614814e-69
ITM2B,3.773277676110549e-05,3.7201785259475807e-09,0.00579017158365467,5.465455445514326e-173,0.144558014798484,1.9190922903742702e-45,2456,2,5.580267788921371e-09,2.732727722757163e-172,3.1984871506237834e-45,ZH8811Bbulk,2528,1.334887588722367e-08,8.334819554409347e-172,7.472210407201946e-45
TIMP2,9.122728310431163e-05,0.025394391856593257,0.00036973681881493953,1.1872820498800974e-10,0.0486726386123011,0.02327950718938769,1551,2,0.03462871616808171,1.1872820498800974e-10,0.02327950718938769,ZH8811Bbulk,2528,0.04556052656624084,1.6713278086773678e-10,0.028027301418802286
DKK3,2.4048452690480805e-05,0.048423017398612545,0.000816456839213505,3.303298085715323e-53,0.11569466292966504,1.7337381854076975e-29,1699,2,0.06052877174826568,4.504497389611804e-53,2.3641884346468603e-29,ZH8811Bbulk,2528,0.07841957684908049,9.300054610552372e-53,5.566212068940503e-29
COL1A2,8.167121283845717e-05,0.14387604199491058,0.0026898944485225364,5.03189726214518e-43,0.09009887737974155,2.7625521637499537e-17,1347,3,0.16601081768643527,5.806035302475208e-43,3.453190204687442e-17,ZH8811Bbulk,2528,0.20410322236487313,1.2116278933849578e-42,6.481372384182583e-17
VCAN,6.974525549683878e-05,0.17409519331217171,0.006017333674450783,1.594634265760645e-165,0.07539753787336755,6.76799747102013e-14,1946,3,0.1865305642630411,5.979878496602418e-165,7.809227851177073e-14,ZH8811Bbulk,2528,0.23775686847856287,2.244754389493831e-164,1.4571100437608045e-13
COL3A1,6.038272779320896e-05,0.5458038811817647,0.0029919849274772157,7.760046093216754e-64,0.029105429921199202,0.0017433973748552125,1451,2,0.5458038811817647,1.1640069139825132e-63,0.0018679257587734417,ZH8811Bbulk,2528,0.6094375569707795,2.290465217836558e-63,0.0022467726732289003
SPP1,1.2244126181636493e-05,5.782153218220147e-20,0.0021168916794368363,3.214010594008711e-51,0.05426103948609578,3.229630653071462e-17,2047,2,9.251445149152235e-19,1.0284833900827876e-50,6.459261306142924e-17,ZH8812bulk,2049,4.408891828892861e-19,8.778566249307375e-51,7.481296322937691e-17
NCAM1,0.00027158819503975417,3.3327905467617727e-16,0.001162278609535384,2.098776834041803e-10,0.4147751764233218,1.4109943771315092e-19,1639,6,2.666232437409418e-15,2.398602096047775e-10,4.515182006820829e-19,ZH8812bulk,2049,2.1782166787764443e-15,2.9318790887759536e-10,3.537150287877619e-19
SERPINE1,0.00015457210888455302,4.89475588763954e-13,0.0006576104529302524,4.1939285304059294e-16,0.4123180376186723,4.503061901168936e-27,804,5,2.6105364734077548e-12,5.161758191268836e-16,2.4016330139567657e-26,ZH8812bulk,2049,2.4209198038865833e-12,6.61628380227832e-16,1.3291295611514764e-26
HMGB1,8.201396622123249e-05,2.5191861381597574e-07,0.002024928251083361,6.956291139582408e-07,0.26441997364022196,4.806265292253128e-06,1946,5,1.007674455263903e-06,7.420043882221235e-07,6.990931334186368e-06,ZH8812bulk,2049,8.087913390933958e-07,9.224646945967974e-07,7.64823085636802e-06
AGT,4.346551891520573e-05,6.872244662841696e-06,0.0017457320282187124,6.650789404736222e-25,0.0830275327386091,1.8523900667547607e-19,1912,2,2.1991182921093427e-05,1.0641263047577955e-24,4.939706844679362e-19,ZH8812bulk,2049,1.996223449682588e-05,1.2170944610667285e-24,4.580910570488125e-19
IGFBP5,9.650717222754255e-05,0.00010188386290333799,0.0011037634551880108,1.7544446358631177e-38,0.23407281606260516,5.274968383368905e-24,1023,3,0.00027169030107556796,4.010159167687126e-38,2.109987353347562e-23,ZH8812bulk,2049,0.0002485966254841447,4.013292104536882e-38,1.399013353850014e-23
C3,2.9182994119254675e-05,0.005298814365007891,0.0017984863810959807,5.981794718351133e-65,0.21748058540847937,1.9802579569447156e-50,1992,2,0.012111575691446608,2.3927178873404532e-64,3.168412731111545e-49,ZH8812bulk,2049,0.010655857459301584,1.79453841550534e-64,9.291979644125205e-50
SERPINE2,6.228946742161502e-05,0.011233431161832817,0.0007268806828622893,7.261270229017381e-17,0.06513948823723642,9.553926643796924e-08,1441,2,0.022466862323665633,9.681693638689841e-17,1.528628263007508e-07,ZH8812bulk,2049,0.021192968068200056,1.1759402229293636e-16,1.6188597924211455e-07
ITM2B,1.9156227231316714e-05,0.020140019697773785,0.0015283228165294468,1.3040279903256728e-36,0.053026581235167215,0.011966811643199507,2034,2,0.035804479462708955,2.6080559806513456e-36,0.01595574885759934,ZH8812bulk,2049,0.03649132281873864,2.8751460509590133e-36,0.014796800883145335
SPARC,1.7000836437957084e-05,0.0282891432103108,0.0026131984061274456,4.335374414308753e-78,0.1454506059105949,4.814346049871548e-19,2047,2,0.04526262913649728,2.312199687631335e-77,1.1004219542563539e-18,ZH8812bulk,2049,0.05026129327657162,1.7247250387358737e-77,1.1747004361686577e-18
TIMP2,9.933917040993802e-05,0.14856776546415315,0.0007039255868091729,2.904783606348455e-21,0.05212150782777805,0.21866489959784843,1086,2,0.21609856794785912,4.2251397910522985e-21,0.21866489959784843,ZH8812bulk,2049,0.2076225231523416,4.832503636016067e-21,0.23212162738026174
CTSB,2.2471226057960385e-05,0.597117378315009,0.0015105985497680548,5.740651638756772e-51,0.17473867104534263,8.252558506852617e-41,1915,2,0.7743785086688251,1.530840437001806e-50,6.602046805482094e-40,ZH8812bulk,2049,0.6543262289320158,1.5225206520181004e-50,3.020436413508058e-40
COL1A2,6.0761150842236146e-05,0.6722585034314816,0.00299645991891265,1.4095755425979044e-82,0.07236083471691664,0.07209810619889075,618,3,0.7743785086688251,1.1276604340783235e-81,0.08239783565587513,ZH8812bulk,2049,0.7279485569701842,5.732273873231478e-82,0.08246220896498128
VCAN,0.00011537096419981204,0.677581195085222,0.0003849345870710395,0.0075445664479223944,0.23932706513271212,0.04399951935283067,992,5,0.7743785086688251,0.0075445664479223944,0.05415325458809928,ZH8812bulk,2049,0.7293962276505626,0.00807400970742572,0.05128606395903193
COL3A1,3.0461067704994106e-05,0.8895466228273812,0.0017783720307147002,6.044287031788088e-96,0.033781957440238486,0.16639178604447413,422,2,0.9346686523206178,9.670859250860941e-95,0.1774845717807724,ZH8812bulk,2049,0.8993758672785124,3.2532486082859416e-95,0.18343190871167933
DKK3,2.8835527072607982e-05,0.9346686523206178,0.0010050755358656052,1.976822759183014e-25,0.061518048780152323,1.0665419537995811e-08,1640,2,0.9346686523206178,3.514351571880914e-25,1.8960745845325886e-08,ZH8812bulk,2049,0.9398041943663354,3.729469741551459e-25,1.8949240538380908e-08
APP,4.988063150722969e-05,1.2412362891014858e-22,0.0011749808486189773,6.369379752815276e-25,0.10299359601979953,1.345449646219514e-30,2707,2,1.489483546921783e-21,6.948414275798483e-25,2.018174469329271e-30,ZH881T1,2770,1.1357312045278595e-21,1.1773701967325207e-24,4.396737236753055e-30
SPARC,3.057557362463974e-05,5.357631011415793e-14,0.0030500670860861257,5.833050881314238e-87,0.14298807687629883,2.6298990142429298e-46,2764,2,3.214578606849476e-13,2.3332203525256956e-86,6.311757634183032e-46,ZH881T1,2770,2.971049924512394e-13,2.6035324665378184e-86,1.0694922657921247e-45
HMGB1,0.00010893142143982266,9.278395924972476e-09,0.003776645161191834,3.1557039849545943e-51,0.3199895755413895,4.563197157217735e-32,2555,6,3.7113583699889904e-08,5.409778259922161e-51,7.822623698087547e-32,ZH881T1,2770,3.265281642826852e-08,8.749906503737738e-51,1.518300145037901e-31
SERPINE1,9.887005138949217e-05,0.00014690951654115132,0.002754785831297187,3.9189544219009186e-70,0.2470892209072073,6.989513430434164e-25,1522,5,0.000440728549623454,7.837908843801837e-70,9.319351240578886e-25,ZH881T1,2770,0.00034030938641811003,1.28065832001405e-69,1.8810014084844884e-24
SERPINE2,3.5566104526394204e-05,0.0006548578579401412,0.001856861693522719,5.095984203115094e-78,0.10017470484413121,2.1228459482082063e-60,2314,2,0.001571658859056339,1.5287952609345283e-77,2.5474151378498476e-59,ZH881T1,2770,0.0014438432289523597,1.984181083340558e-77,1.3874314590075062e-59
VCAN,0.00011009204172468643,0.0047068429983764155,0.0023795879880219514,1.2804756263337768e-73,0.29548598271140497,2.24125966376361e-58,2088,4,0.009413685996752831,3.073141503201064e-73,1.344755798258166e-57,ZH881T1,2770,0.009570580763365378,4.506289223443868e-73,1.3230661886088407e-57
AGT,1.7222042890893682e-05,0.08270980242201166,0.0014950588728212212,2.024974236357108e-40,0.07439561159843693,2.9068173911254807e-52,2303,2,0.14178823272344857,3.0374613545356618e-40,8.720452173376442e-52,ZH881T1,2770,0.12509003176221598,4.750901092991676e-40,1.399862059410429e-51
NCAM1,4.23215327884253e-05,0.09792346874725073,0.001219692166417205,7.633793702923583e-40,0.037621185047418376,7.865010415763336e-07,2463,2,0.1468852031208761,1.0178391603898111e-39,9.438012498916002e-07,ZH881T1,2770,0.14569101447761693,1.768334490677235e-39,1.296663879355577e-06
COL1A2,6.4511308280561e-05,0.12536255140634445,0.012531318742777336,4.2224928732851615e-141,0.07933056758043389,2.5257122043354634e-36,1598,3,0.1591947438205593,2.533495723971097e-140,5.051424408670927e-36,ZH881T1,2770,0.18442375699945945,4.545389387124614e-140,8.888564103719035e-36
COL3A1,5.702894636970887e-05,0.13266228651713274,0.008804460115238598,3.329421389926433e-145,0.01915120399902726,0.01142908242157978,1565,2,0.1591947438205593,3.99530566791172e-144,0.01246808991445067,ZH881T1,2770,0.19115904277665582,3.808025714728358e-144,0.014228041381966667
DKK3,1.726535943073781e-05,0.30739902360703253,0.0006233752956219308,4.754757813832431e-25,0.13148284499908103,3.57991587847914e-57,2269,2,0.33534438938949,5.705709376598917e-25,1.431966351391656e-56,ZH881T1,2770,0.39896469021338266,8.878782448278927e-25,1.9852260780657051e-56
TIMP2,7.098297993750132e-05,0.5565001893627719,0.000277853613150511,0.00012690693116965045,0.03900440571547857,0.47795832485279743,1418,2,0.5565001893627719,0.00012690693116965045,0.47795832485279743,ZH881T1,2770,0.6172093009296198,0.00015080498963666256,0.49138412049472996
SPP1,0.00013421605739199336,2.5034162986591306e-06,0.006766678737839336,2.5625882695764484e-15,0.24987878590096219,2.795564363860387e-13,1020,2,3.25444118825687e-05,8.328411876123457e-15,1.8171168365092517e-12,ZH881inf,1044,7.3891158492680795e-06,4.008150883183676e-15,5.94870091379594e-13
SERPINE1,0.00025714793341417765,4.728970017962401e-05,0.007876718101306737,2.931908711787728e-16,0.9402047557759363,1.6027389375740048e-16,494,6,0.0003073830511675561,1.2704937751080155e-15,2.0835606188462063e-15,ZH881inf,1044,0.00011854815250508486,4.665559080496994e-16,3.621002784889418e-16
EDIL3,1.7074571127769873e-05,0.001686681247668141,0.0019732391539483488,2.656186805459229e-06,0.2386496490345878,2.7705373248019703e-09,586,2,0.007308952073228611,4.932918352995711e-06,9.004246305606403e-09,ZH881inf,1044,0.003468119868800784,3.4231139816833727e-06,4.970669906262358e-09
NCAM1,0.0003320126283306433,0.015519205915448605,0.0030958578526538477,0.00034889610728175386,0.5126350877554078,3.3161422868997925e-05,699,5,0.05043741922520797,0.0005039610438514222,7.18497495494955e-05,ZH881inf,1044,0.028979741658439744,0.00040410118754785417,4.974213430349689e-05
TIMP2,5.131765063462962e-05,0.14862595919648497,0.00044983510284648544,0.06202370452674161,0.21461703289362796,0.024725528400369776,170,2,0.3864274939108609,0.06719234657063673,0.03214318692048071,ZH881inf,1044,0.2076225231523416,0.06376594341794221,0.02957367122397169
SERPINE2,5.2719595033353686e-05,0.2965236081483137,0.0010593418679962266,0.08682403707530234,0.14458084627562373,0.0545203183861044,438,2,0.6146718952204472,0.08682403707530234,0.0644331035472143,ZH881inf,1044,0.38759871636529575,0.08876423902111916,0.06314695104213357
HMGB1,0.00026169568567424595,0.33097717434947155,0.0055394246869831885,5.020259381482989e-07,0.4980660611415113,0.00012537303015063573,745,5,0.6146718952204472,1.3052674391855773e-06,0.00020373117399478306,ZH881inf,1044,0.4217289313846044,6.705893918331292e-07,0.00017785476370206464
AGT,7.797193502293624e-06,0.41086641106277383,0.0021727129524685587,3.607428205928658e-06,0.10273983588666818,0.0024409241366387447,795,2,0.6676579179770075,5.8620708346340686e-06,0.003525779308478187,ZH881inf,1044,0.4979374385727656,4.584440011701003e-06,0.0031237001189153165
C3,7.067573017137295e-05,0.4706959630854892,0.004861584113984943,4.737896717978805e-21,0.21529650404479483,3.754972448183859e-11,658,2,0.6785439005524488,3.0796328666862236e-20,1.627154727546339e-10,ZH881inf,1044,0.5593335145756138,7.811127021532625e-21,7.233262715975224e-11
APP,5.2749258491760446e-05,0.5248181425248057,0.003614716900656013,2.0839522160202447e-06,0.04936387660927793,0.16015688220727942,878,2,0.6785439005524488,4.515229801377197e-06,0.16755650629058086,ZH881inf,1044,0.5965324228698102,2.7047039399411685e-06,0.17762854208443718
SPARC,9.261163841019327e-05,0.5741525312366875,0.011536737629013864,4.0038156636824374e-37,0.12038945178557219,1.5168729388390235e-06,962,2,0.6785439005524488,5.2049603627871687e-36,3.943869640981461e-06,ZH881inf,1044,0.6329512844356254,8.935344712852268e-37,2.4565287416596575e-06
DKK3,5.674332309663514e-05,0.7267408633469636,0.0019471955191503808,0.0005164091703440373,0.13568206908840796,0.00010434427069383948,641,2,0.7873026019592105,0.0006713319214472484,0.00019378221700284474,ZH881inf,1044,0.7643309080028411,0.0005906429885809926,0.00014917969950759864
VCAN,0.00010696987680086798,0.7952932234142485,0.000790542529608332,0.004689705975150817,0.3706273581658276,0.16755650629058086,224,4,0.7952932234142485,0.005542379788814601,0.16755650629058086,ZH881inf,1044,0.8130651390212708,0.005048330549721173,0.1836098242585407
SPP1,0.000171213549364145,5.141005726312005e-124,0.012344979078841472,7.067120812352292e-196,0.3046801721782326,1.117621714883677e-117,2477,2,7.197408016836807e-123,1.9787938274586415e-195,3.9116760020928695e-117,ZH916T1,2491,9.40804047915097e-122,1.175711916964063e-194,2.2724974869301434e-116
SPARC,0.0001227242537153685,2.1847666053055565e-121,0.010721792110525269,2.3916896583068777e-257,0.4383255227068477,1.1474252931167768e-163,2486,2,1.5293366237138895e-120,8.370913804074072e-257,5.354651367878291e-163,ZH916T1,2491,1.9990614438545843e-119,5.470990093376983e-256,2.999697552005288e-162
SERPINE1,0.00016359697750175815,1.2750678365113614e-36,0.011316406903013033,2.9088541500869034e-86,1.027536423590124,2.6978141057908805e-192,2303,7,5.9503165703863534e-36,3.702178009201514e-86,1.8884698740536165e-191,ZH916T1,2491,1.5555827605438608e-35,1.2674293082521507e-85,9.873999627194622e-191
HMGB1,0.00010198811278626629,3.555903390902064e-13,0.007369701667888983,1.8162244165956306e-99,0.447117718120669,5.168653725059405e-75,2190,6,1.2445661868157223e-12,2.5427141832338826e-99,1.2060192025138612e-74,ZH916T1,2491,1.8075842237085492e-12,1.0386533382406262e-98,4.978229640451954e-74
COL1A2,8.542489102682779e-05,1.129690982230719e-12,0.08333089250052941,1e-300,0.17948979698929554,1.6588161045935798e-63,2361,3,3.163134750246013e-12,7e-300,2.902928183038765e-63,ZH916T1,2491,5.3008576858518345e-12,4.575e-299,1.1243086931134262e-62
ITM2B,5.735111755195914e-05,1.6377031978757962e-12,0.005158525787392053,1.441903163319238e-125,0.08537198831797015,5.540627417467255e-23,2401,2,3.821307461710191e-12,2.883806326638476e-125,6.464065320378464e-23,ZH916T1,2491,7.492492130281768e-12,1.1994012676700935e-124,1.4484783105664393e-22
C3,3.4930589256824656e-05,9.784403410742596e-12,0.004146714600303151,4.290257967561432e-138,0.19306760620072053,1.1427823220962562e-102,2370,2,1.9568806821485192e-11,1.0010601924310007e-137,3.1997905018695173e-102,ZH916T1,2491,4.263204343252131e-11,4.1321958319144314e-137,1.9011742267601354e-101
TIMP2,0.00011460652245116198,2.4555805642460237e-06,0.001030461553646596,1.0494519557944229e-46,0.047463359983090606,0.0012859405817953835,1632,2,4.297265987430542e-06,1.0494519557944229e-46,0.0012859405817953835,ZH916T1,2491,7.366741692738071e-06,2.6308179165805396e-46,0.0016930009098457207
NCAM1,9.525532894647369e-05,9.454754134681514e-06,0.001745383695645843,6.415857391632654e-85,0.4573541903318208,2.1784244246248242e-66,1386,5,1.3390789952542258e-05,7.485166956904764e-85,4.3568488492496484e-66,ZH916T1,2491,2.6928731443024544e-05,2.730469541090176e-84,1.6610486237764286e-65
SERPINE2,3.2675391061973854e-05,9.564849966101613e-06,0.001455719679775931,1.0012129804441183e-74,0.16194514289390058,6.652263548325024e-46,1652,2,1.3390789952542258e-05,1.0782293635552043e-74,9.313168967655034e-46,ZH916T1,2491,2.6928731443024544e-05,3.592587753358307e-74,2.646443976833651e-45
DKK3,2.3024021645195387e-05,0.00012932873188974828,0.00217754102210716,9.544138376222207e-103,0.11172782472786655,1.201312448710221e-36,1937,2,0.00016460020422331598,1.6702242158388863e-102,1.5289431165402813e-36,ZH916T1,2491,0.0003073656874782329,6.022680423616083e-102,4.310591727724911e-36
AGT,8.260891788587914e-06,0.0006037603062823506,0.008299807863484446,4.050344350525785e-298,0.6132922219082998,2.5896235718041016e-265,1723,2,0.0007043870239960757,1.890160696912033e-297,3.6254730005257423e-264,ZH916T1,2491,0.0013474162932886604,1.4824260322924373e-296,2.369505568200753e-263
VCAN,9.809240174859465e-05,0.010477962556243546,0.0029015944968937926,6.60971137912358e-101,0.2555906901013264,2.604173915939357e-53,1595,3,0.011283959675954589,1.0281773256414458e-100,4.0509372025723333e-53,ZH916T1,2491,0.02001732168747514,4.0319239412653837e-100,1.2880103422078442e-52
COL3A1,5.303138943248026e-05,0.07165121235985587,0.03846142964933251,1e-300,0.036572626761769846,0.00017097647135999697,2245,2,0.07165121235985587,7e-300,0.00018412850761845826,ZH916T1,2491,0.1092680988487802,4.575e-299,0.0002406822635298419
SPP1,8.623643309763198e-05,8.832140685363201e-79,0.04257485214738412,1e-300,0.22565180776152785,8.378504610322816e-77,2038,2,1.3248211028044801e-77,7.5e-300,3.141939228871056e-76,ZH916bulk,2058,4.040704363553665e-77,4.575e-299,8.518146353828197e-76
SERPINE1,0.0002519485540608872,1.5411379850731076e-42,0.06724749780522095,1e-300,1.709040849039127,1e-300,1824,7,1.1558534888048307e-41,7.5e-300,1.5e-299,ZH916bulk,2058,2.563893193348897e-41,4.575e-299,1.83e-298
APP,9.565547167531998e-05,2.5030475181553176e-32,0.0021494769849630495,1.8344250857952801e-35,0.30553794105305027,5.313154100421152e-56,1867,3,1.2515237590776588e-31,2.116644329763785e-35,9.962163938289659e-56,ZH916bulk,2058,2.8628605988901445e-31,3.9494093023592506e-35,2.7008533343807523e-55
HMGB1,8.968265029428789e-05,4.186333582869986e-28,0.004890071722053837,6.886389776232319e-32,0.20750110361502383,6.157336940196e-26,1921,4,1.5698750935762447e-27,7.378274760248913e-32,8.396368554812727e-26,ZH916bulk,2058,4.256105809251153e-27,1.4002325878339048e-31,1.7072616061452545e-25
SERPINE2,0.00017734871026587774,3.2385694793596904e-23,0.0034144717300655402,3.122545736484335e-73,0.14282679140324567,1.2119256721725953e-65,1682,2,9.715708438079072e-23,5.2042428941405584e-73,3.0298141804314884e-65,ZH916bulk,2058,3.1192537616990705e-22,1.078162018446478e-72,8.871295920303398e-65
SPARC,5.153970849829623e-05,1.173317315182981e-15,0.0032303695060897837,1.1500834082324147e-63,0.23077132692107902,1.231119193685106e-49,2045,2,2.9332932879574527e-15,1.725125112348622e-63,2.0518653228085103e-49,ZH916bulk,2058,7.157235622616183e-15,3.3407184715322523e-63,5.632370311109361e-49
CTSB,4.070184183384559e-05,2.957587005850281e-14,0.0036347984037305115,3.809611840337223e-114,0.2532271106152296,9.368412880339401e-93,1999,2,6.337686441107746e-14,1.4286044401264585e-113,7.02630966025455e-92,ZH916bulk,2058,1.7459303937761338e-13,2.681380641468122e-113,1.1429463714014069e-91
NCAM1,0.00020815624260068905,1.2131661899767844e-13,0.0024119624321677037,1.4084366447899216e-35,0.49489948262474354,7.264306091751142e-27,1412,7,2.274686606206471e-13,1.760545805987402e-35,1.0896459137626711e-26,ZH916bulk,2058,6.529688610757398e-13,3.068379833292329e-35,2.1101079599848556e-26
IGFBP5,6.084327612641405e-05,4.019017057152294e-08,0.0024324132656005893,8.57914747970205e-105,0.4703442966351359,1.2701843486538913e-85,1077,3,6.69836176192049e-08,2.5737442439106152e-104,6.350921743269456e-85,ZH916bulk,2058,1.3372365844706724e-07,5.60708567423384e-104,1.4527733487728882e-84
AGT,2.3932207762472046e-05,3.092349759942932e-05,0.0064884001976643815,4.527474321274663e-119,0.11628643189238924,6.279026979219665e-72,1544,2,4.6385246399143985e-05,2.2637371606373316e-118,1.8837080937658995e-71,ZH916bulk,2058,8.111110518157805e-05,3.4521991699719306e-118,5.745309685985993e-71
TIMP2,0.00011254192105392752,0.007576874357067891,0.0008773559367547333,1.298830489373905e-29,0.05171439438159157,0.026008226798759346,1187,2,0.01033210139600167,1.298830489373905e-29,0.027865957284385012,ZH916bulk,2058,0.015071391384167654,2.583543256037224e-29,0.030905879897227016
VCAN,0.0001034843981841555,0.030834916820375816,0.003842721370653267,3.081685058676412e-88,0.4618657045134432,1.8633673985901032e-56,1164,4,0.03854364602546977,5.778159485018272e-88,3.9929301398359355e-56,ZH916bulk,2058,0.05374085502979785,1.4098709143444584e-87,1.002930099829379e-55
ITM2B,2.5784305328348795e-05,0.050050726369628006,0.002480613484839146,1.0995193385883122e-45,0.055375473280598275,0.0003107533033201965,2022,2,0.057750838118801544,1.499344552620426e-45,0.000358561503830996,ZH916bulk,2058,0.08034458706703443,2.7190816075900153e-45,0.0004275778534405712
COL3A1,8.140140357573167e-05,0.18387679730159404,0.00812983327624157,7.312226527258307e-101,0.027436795446372408,0.10940839272093977,1300,2,0.1970108542517079,1.8280566318145766e-100,0.10940839272093977,ZH916bulk,2058,0.2492552141199386,4.3165724338331293e-100,0.12208375529226817
COL1A2,0.00011056287250218734,0.22160263583265916,0.01276053334305119,3.904371425284089e-94,0.09505519716700717,5.326975938504102e-15,1496,3,0.22160263583265916,8.366510197037334e-94,6.658719923130128e-15,ZH916bulk,2058,0.2960093602728221,1.9847221411860784e-93,1.1888251179832326e-14
CLU,2.470105432036349e-05,1.728955039491432e-05,0.0009030664568337999,0.0001126987183415165,0.21330125205495376,0.012598989186310349,881,2,0.00031469335890120444,0.00025044159631448115,0.017998555980443358,ZH916inf,881,4.722369734730329e-05,0.00013479650625161776,0.015473926316072441
SPP1,0.0001525692857725329,3.1469335890120445e-05,0.012095075734442028,6.404308319620937e-23,0.3728549300890727,5.919992505045794e-17,857,2,0.00031469335890120444,1.2808616639241873e-21,1.1839985010091588e-15,ZH916inf,881,8.111110518157805e-05,1.1378528373695451e-22,1.3541982855292255e-16
NCAM1,0.0004411904242621424,0.0007479348646731108,0.004078541471395394,0.0003581462042731992,0.5958256144576294,0.0014997360641742096,679,5,0.004986232431154072,0.0006511749168603622,0.002499560106957016,ZH916inf,881,0.0016102597674726973,0.0004122060086917953,0.0019603692838848596
DKK3,0.0001147874999589036,0.03730757083853741,0.0022483979710456316,0.00070015466544044,0.14649989047346776,0.00027336037068068374,624,2,0.1501527177931183,0.001077161023754523,0.0005467207413613675,ZH916inf,881,0.06321560614307728,0.0007909154554049415,0.00038186983079820704
CTSB,5.2847558765477495e-05,0.04380869532463425,0.002376539850933212,2.7246187914237413e-05,0.3921319149320836,1.8091856317261235e-09,689,3,0.1501527177931183,7.784625118353546e-05,7.236742526904494e-09,ZH916inf,881,0.07288173858552789,3.346343884768756e-05,3.278029411939412e-09
ITM2B,0.000162153960373881,0.045045815337935495,0.004779318270200723,0.00022884946610814545,0.25746160318540107,0.03552253243890607,839,3,0.1501527177931183,0.0004576989322162909,0.044403165548632585,ZH916inf,881,0.07403284052714247,0.0002701900148244556,0.04193950604077297
IGFBP5,0.00013299546515122308,0.06610809965022013,0.0027643681311106004,8.288645210715266e-05,0.4971969926083489,3.025956022897705e-07,601,4,0.18888028471491466,0.00020721613026788166,8.645588636850587e-07,ZH916inf,881,0.10166203559655701,0.00010045179295105258,5.034090474457091e-07
APP,6.52542535222838e-05,0.17046066793777745,0.0013989905929193117,0.05956299924625807,0.32516033160738295,0.1936277082990539,769,5,0.42615166984444364,0.06618111027362007,0.20397081775566211,ZH916inf,881,0.23454362580912236,0.06158208396647021,0.20737033138492314
SPARCL1,0.00011344234364515399,0.20580070137197132,0.0033042143628726705,0.029685088907469646,0.30108904280616644,0.0026680575568290192,868,3,0.45733489193771404,0.03492363400878782,0.004104703933583106,ZH916inf,881,0.27692300258140257,0.03140099000038697,0.003390656478470212
EDIL3,2.3445191069276635e-05,0.26700451072799686,0.0026658878029170254,1.1311258521367255e-07,0.32765431908678233,1.0146149413722759e-11,710,2,0.514087390086319,4.524503408546902e-07,6.764099609148506e-11,ZH916inf,881,0.3540711990088654,1.5220296392722116e-07,2.0403794974849065e-11
SPARC,0.00019276776135109384,0.2875635117461098,0.005315467989414811,2.2487421216702095e-10,0.14941831109210593,2.2546015908191415e-05,658,2,0.514087390086319,1.1243710608351047e-09,5.01022575737587e-05,ZH916inf,881,0.37859081042833154,3.11757430504279e-10,3.4382674259991905e-05
HMGB1,0.0002942077419971137,0.33240773197080437,0.006063488884476572,0.0005469614855006852,0.7505434142268167,0.0005069778480434823,648,6,0.514087390086319,0.0009116024758344753,0.0009217779055336041,ZH916inf,881,0.4217289313846044,0.000621701564264754,0.0006923652700892332
LGALS3,9.031853988857144e-06,0.33415680355610733,0.0008201291081637113,0.0014917033897481446,0.2383593295400296,0.017911192676656855,195,2,0.514087390086319,0.0021123965853325054,0.023881590235542476,ZH916inf,881,0.4217289313846044,0.001634621079783895,0.021851655065521364
VCAN,0.00022699462808208333,0.3615300834096793,0.0015826973480162307,0.001584297438999379,0.6201169962656974,0.193772276867879,287,7,0.5162031228722574,0.0021123965853325054,0.20397081775566211,ZH916inf,881,0.450068063020213,0.00171554101382773,0.20737033138492314
SERPINE2,1.7405025587156495e-05,0.3871523421541931,0.000972668187223184,0.2741456390983142,0.1350922274934497,0.17503161112298996,326,2,0.5162031228722574,0.28857435694559386,0.20397081775566211,ZH916inf,881,0.47549582962561976,0.277174872679511,0.19065943354468548
C3,6.174020752005534e-05,0.4449500131029789,0.002743582794599311,2.854140599359132e-06,0.30961610614511464,1.7235809517213584e-11,696,2,0.5561875163787235,9.513801997863774e-06,8.617904758606793e-11,ZH916inf,881,0.5356963973542443,3.6525016061728755e-06,3.355482065585198e-11
TIMP2,7.543215973091501e-05,0.627525470881281,0.0003408493758088676,0.7222168025970896,0.1879127300859307,0.6923976685994867,166,2,0.7382652598603305,0.7222168025970896,0.6923976685994867,ZH916inf,881,0.6835545307813954,0.7222168025970896,0.7078702421994753
CCL2,1.0366740509448137e-05,0.6845636255965448,0.003249780336019794,7.767396706470726e-12,0.6200657537865198,5.448423264764499e-14,340,2,0.7606262506628276,7.767396706470726e-11,5.448423264764499e-13,ZH916inf,881,0.7326031782699866,1.1463174171646314e-11,1.1869779255379803e-13
AGT,3.0918323616792304e-05,0.754763888155638,0.0022837607181719908,0.01041075473915864,0.12985285613100328,6.379462103684656e-06,722,2,0.7813521341768469,0.0130134434239483,1.594865525921164e-05,ZH916inf,881,0.78926738018561,0.011076558821314135,1.0064151422192172e-05
SERPINE1,3.305617163783399e-05,0.7813521341768469,0.0014046385849433404,1.4290350390110392e-11,0.7575330108324244,9.224306870010123e-08,138,3,0.7813521341768469,9.526900260073594e-11,3.074768956670041e-07,ZH916inf,881,0.8033002278335,2.0755032709446047e-11,1.577615100197993e-07
